Location Description,Count
STREET,2228091
RESIDENCE,1395413
APARTMENT,1022007
SIDEWALK,766756
OTHER,269920
PARKING LOT/GARAGE(NON.RESID.),202918
ALLEY,189442
SMALL RETAIL STORE,173069
"SCHOOL, PUBLIC, BUILDING",146365
RESTAURANT,143944
VEHICLE NON-COMMERCIAL,135052
RESIDENCE-GARAGE,134949
RESIDENCE PORCH/HALLWAY,124154
DEPARTMENT STORE,114204
GROCERY FOOD STORE,106238
GAS STATION,95206
RESIDENTIAL YARD (FRONT/BACK),75134
COMMERCIAL / BUSINESS OFFICE,71061
PARK PROPERTY,64039
CHA PARKING LOT/GROUNDS,56093
PARKING LOT / GARAGE (NON RESIDENTIAL),49757
BAR OR TAVERN,48087
CTA PLATFORM,41708
CHA APARTMENT,40774
DRUG STORE,40504
CTA TRAIN,35329
BANK,33475
"SCHOOL, PUBLIC, GROUNDS",30247
HOTEL/MOTEL,29717
CONVENIENCE STORE,28587
CTA BUS,27975
OTHER (SPECIFY),25617
DRIVEWAY - RESIDENTIAL,25060
CHA HALLWAY/STAIRWELL/ELEVATOR,25021
VACANT LOT/LAND,24677
TAVERN/LIQUOR STORE,22457
HOSPITAL BUILDING/GROUNDS,22188
RESIDENCE - PORCH / HALLWAY,19343
POLICE FACILITY/VEH PARKING LOT,18529
RESIDENCE - YARD (FRONT / BACK),16526
AIRPORT/AIRCRAFT,16296
RESIDENCE - GARAGE,15860
,15820
CHURCH/SYNAGOGUE/PLACE OF WORSHIP,15487
GOVERNMENT BUILDING/PROPERTY,14752
NURSING HOME/RETIREMENT HOME,14654
CONSTRUCTION SITE,14412
"SCHOOL, PRIVATE, BUILDING",14179
CURRENCY EXCHANGE,12523
ABANDONED BUILDING,12247
WAREHOUSE,10814
ATHLETIC CLUB,10456
CTA GARAGE / OTHER PROPERTY,10275
CTA BUS STOP,9016
BARBERSHOP,8846
ATM (AUTOMATIC TELLER MACHINE),8769
SCHOOL - PUBLIC BUILDING,8450
HOSPITAL BUILDING / GROUNDS,8381
CTA STATION,8108
TAXICAB,7831
LIBRARY,7747
SCHOOL - PUBLIC GROUNDS,7675
HOTEL / MOTEL,7460
MEDICAL/DENTAL OFFICE,7429
FACTORY/MANUFACTURING BUILDING,6892
OTHER RAILROAD PROP / TRAIN DEPOT,5930
AIRPORT TERMINAL UPPER LEVEL - SECURE AREA,5838
COLLEGE/UNIVERSITY GROUNDS,5786
VEHICLE-COMMERCIAL,5614
CLEANING STORE,5381
SPORTS ARENA/STADIUM,5288
POLICE FACILITY / VEHICLE PARKING LOT,4623
NURSING / RETIREMENT HOME,4553
"SCHOOL, PRIVATE, GROUNDS",4292
VACANT LOT / LAND,4264
DAY CARE CENTER,3836
CAR WASH,3665
OTHER COMMERCIAL TRANSPORTATION,3624
TAVERN / LIQUOR STORE,3052
GOVERNMENT BUILDING / PROPERTY,2949
AIRPORT TERMINAL LOWER LEVEL - NON-SECURE AREA,2767
MOVIE HOUSE/THEATER,2732
APPLIANCE STORE,2695
CHA PARKING LOT / GROUNDS,2624
CHURCH / SYNAGOGUE / PLACE OF WORSHIP,2601
AIRPORT PARKING LOT,1949
MEDICAL / DENTAL OFFICE,1834
AUTO / BOAT / RV DEALERSHIP,1732
SCHOOL - PRIVATE GROUNDS,1728
AIRPORT BUILDING NON-TERMINAL - NON-SECURE AREA,1596
VEHICLE - COMMERCIAL,1480
COLLEGE/UNIVERSITY RESIDENCE HALL,1399
AUTO,1398
AIRPORT TERMINAL UPPER LEVEL - NON-SECURE AREA,1380
AIRPORT EXTERIOR - NON-SECURE AREA,1351
FIRE STATION,1336
JAIL / LOCK-UP FACILITY,1334
SCHOOL - PRIVATE BUILDING,1280
AIRPORT TERMINAL LOWER LEVEL - SECURE AREA,1199
LAKEFRONT/WATERFRONT/RIVERBANK,1181
COIN OPERATED MACHINE,1180
FEDERAL BUILDING,1121
HIGHWAY/EXPRESSWAY,1084
AIRPORT VENDING ESTABLISHMENT,1020
CTA PARKING LOT / GARAGE / OTHER PROPERTY,1016
AIRCRAFT,1015
POOL ROOM,1007
CHA HALLWAY / STAIRWELL / ELEVATOR,1002
DELIVERY TRUCK,962
AIRPORT BUILDING NON-TERMINAL - SECURE AREA,943
ANIMAL HOSPITAL,917
SPORTS ARENA / STADIUM,875
OTHER RAILROAD PROPERTY / TRAIN DEPOT,837
BOWLING ALLEY,829
FACTORY / MANUFACTURING BUILDING,776
PAWN SHOP,773
HOUSE,726
BOAT/WATERCRAFT,698
"VEHICLE - OTHER RIDE SHARE SERVICE (LYFT, UBER, ETC.)",661
AIRPORT EXTERIOR - SECURE AREA,641
CREDIT UNION,596
LAKEFRONT / WATERFRONT / RIVERBANK,563
BRIDGE,534
FOREST PRESERVE,476
COLLEGE / UNIVERSITY - GROUNDS,472
"VEHICLE - OTHER RIDE SHARE SERVICE (E.G., UBER, LYFT)",467
VEHICLE - DELIVERY TRUCK,460
CEMETARY,441
MOVIE HOUSE / THEATER,428
PORCH,410
SAVINGS AND LOAN,399
YARD,338
VEHICLE - OTHER RIDE SERVICE,330
HIGHWAY / EXPRESSWAY,302
PARKING LOT,301
NEWSSTAND,245
CTA TRACKS - RIGHT OF WAY,203
AIRPORT TRANSPORTATION SYSTEM (ATS),186
BOAT / WATERCRAFT,180
AIRPORT TERMINAL MEZZANINE - NON-SECURE AREA,157
VACANT LOT,147
COLLEGE / UNIVERSITY - RESIDENCE HALL,140
CASINO/GAMBLING ESTABLISHMENT,124
HALLWAY,111
RETAIL STORE,103
GANGWAY,76
GARAGE,75
GAS STATION DRIVE/PROP.,71
CHA PARKING LOT,61
CHA GROUNDS,52
TAVERN,41
CHA HALLWAY,40
BASEMENT,36
DRIVEWAY,29
BARBER SHOP/BEAUTY SALON,28
HOTEL,28
STAIRWELL,28
VESTIBULE,28
VEHICLE - COMMERCIAL: TROLLEY BUS,25
KENNEL,22
OFFICE,22
HOSPITAL,20
RAILROAD PROPERTY,19
VEHICLE - COMMERCIAL: ENTERTAINMENT / PARTY BUS,19
CLUB,18
SCHOOL YARD,17
"""CTA """"L"""" TRAIN""",14
"""CTA """"L"""" PLATFORM""",14
CTA PROPERTY,13
LIQUOR STORE,13
FARM,12
GARAGE/AUTO REPAIR,11
CHA STAIRWELL,10
VEHICLE-COMMERCIAL - TROLLEY BUS,10
VEHICLE-COMMERCIAL - ENTERTAINMENT/PARTY BUS,10
TRUCK,9
CHA LOBBY,9
MOTEL,7
WOODED AREA,7
DUMPSTER,7
LAKE,6
RIVER BANK,6
NURSING HOME,6
CHURCH,6
TAXI CAB,6
TRAILER,4
CHA PLAY LOT,4
RIVER,4
CHA ELEVATOR,3
HORSE STABLE,3
YMCA,3
SEWER,3
COACH HOUSE,3
CHA BREEZEWAY,3
PUBLIC GRAMMAR SCHOOL,2
BANQUET HALL,2
CTA SUBWAY STATION,2
ELEVATOR,2
ROOMING HOUSE,2
GOVERNMENT BUILDING,2
LAUNDRY ROOM,2
PUBLIC HIGH SCHOOL,2
CHURCH PROPERTY,2
FACTORY,2
PRAIRIE,2
COUNTY JAIL,2
LIVERY STAND OFFICE,2
POLICE FACILITY,1
ROOF,1
BEACH,1
LAGOON,1
EXPRESSWAY EMBANKMENT,1
CLEANERS/LAUNDROMAT,1
POOLROOM,1
LIVERY AUTO,1
TRUCKING TERMINAL,1
FUNERAL PARLOR,1
JUNK YARD/GARBAGE DUMP,1
LOADING DOCK,1
